iteration,index,kind,kernel,gpu_ms,grid_x,grid_y,grid_z,block_x,block_y,block_z,static_shared_bytes,dynamic_shared_bytes
0,-1,baseline,graph,47.5401268,0,0,0,0,0,0,0,0
1,-1,baseline,graph,47.240696,0,0,0,0,0,0,0,0
2,-1,baseline,graph,46.6478157,0,0,0,0,0,0,0,0
3,-1,baseline,graph,46.7266083,0,0,0,0,0,0,0,0
4,-1,baseline,graph,47.171051,0,0,0,0,0,0,0,0
0,-1,instrumented,graph,49.2261047,0,0,0,0,0,0,0,0
0,0,kernel,_Z8k_import12ImportParams,0.0816399977,8,1152,1,256,1,1,0,0
0,1,kernel,_Z10k_swin_varILi32ELb1EEv9VarParams,6.23446321,240,144,1,256,1,1,15616,0
0,2,kernel,_Z10k_swin_varILi32ELb0EEv9VarParams,0.952804029,120,72,1,256,1,1,15632,0
0,3,kernel,_Z10k_swin_varILi32ELb0EEv9VarParams,0.985723019,121,73,1,256,1,1,15632,0
0,4,kernel,_Z10k_swin_varILi32ELb0EEv9VarParams,0.97596401,121,72,1,256,1,1,15632,0
0,5,kernel,_Z10k_swin_varILi32ELb0EEv9VarParams,1.16628504,120,73,1,256,1,1,15632,0
0,6,copy,device_to_device,0.122319996,0,0,0,0,0,0,0,0
0,7,kernel,_Z10k_swin_varILi64ELb0EEv9VarParams,0.611721992,60,36,1,256,1,1,15616,0
0,8,kernel,_Z10k_swin_varILi64ELb0EEv9VarParams,0.63440299,61,37,1,256,1,1,15616,0
0,9,kernel,_Z10k_swin_varILi64ELb0EEv9VarParams,0.619722009,61,36,1,256,1,1,15616,0
0,10,kernel,_Z10k_swin_varILi64ELb0EEv9VarParams,0.663842976,60,37,1,256,1,1,15616,0
0,11,copy,device_to_device,0.04648,0,0,0,0,0,0,0,0
0,12,kernel,_Z10k_swin_varILi128ELb0EEv9VarParams,0.39300099,30,18,1,256,1,1,15616,0
0,13,kernel,_Z10k_swin_varILi128ELb0EEv9VarParams,0.416202009,31,19,1,256,1,1,15616,0
0,14,kernel,_Z10k_swin_varILi128ELb0EEv9VarParams,0.403640985,31,18,1,256,1,1,15616,0
0,15,kernel,_Z10k_swin_varILi128ELb0EEv9VarParams,0.412041992,30,19,1,256,1,1,15616,0
0,16,kernel,_Z10k_swin_varILi128ELb0EEv9VarParams,0.389160991,30,18,1,256,1,1,15616,0
0,17,kernel,_Z10k_swin_varILi128ELb0EEv9VarParams,0.449882001,31,19,1,256,1,1,15616,0
0,18,copy,device_to_device,0.0233600009,0,0,0,0,0,0,0,0
0,19,kernel,_Z10k_swin_varILi256ELb0EEv9VarParams,0.323680997,15,9,1,256,1,1,19200,0
0,20,kernel,_Z10k_swin_varILi256ELb0EEv9VarParams,0.350602001,16,10,1,256,1,1,19200,0
0,21,kernel,_Z10k_swin_varILi256ELb0EEv9VarParams,0.325280994,16,9,1,256,1,1,19200,0
0,22,kernel,_Z10k_swin_varILi256ELb0EEv9VarParams,0.348841012,15,10,1,256,1,1,19200,0
0,23,kernel,_Z10k_swin_varILi256ELb0EEv9VarParams,0.325320989,15,9,1,256,1,1,19200,0
0,24,kernel,_Z10k_swin_varILi256ELb0EEv9VarParams,0.351240993,16,10,1,256,1,1,19200,0
0,25,kernel,_Z10k_swin_varILi256ELb0EEv9VarParams,0.325040996,16,9,1,256,1,1,19200,0
0,26,kernel,_Z10k_swin_varILi256ELb0EEv9VarParams,0.368200988,15,10,1,256,1,1,19200,0
0,27,copy,device_to_device,0.0132809998,0,0,0,0,0,0,0,0
0,28,kernel,_Z7k_ffwd211Ffwd2Params,0.0842000023,34,8,1,256,1,1,21504,0
0,29,kernel,_Z11k_conv_res211Conv2Params,0.0601999983,34,4,1,256,1,1,0,0
0,30,kernel,_Z11k_qkv_attn210AttnParams,0.167680994,8,5,16,256,1,1,23808,0
0,31,kernel,_Z11k_conv_res211Conv2Params,0.0549600013,34,4,1,256,1,1,0,0
0,32,kernel,_Z7k_ffwd211Ffwd2Params,0.0744400024,34,8,1,256,1,1,21504,0
0,33,kernel,_Z11k_conv_res211Conv2Params,0.0597609989,34,4,1,256,1,1,0,0
0,34,kernel,_Z11k_qkv_attn210AttnParams,0.168160006,8,5,16,256,1,1,23808,0
0,35,kernel,_Z11k_conv_res211Conv2Params,0.0582400002,34,4,1,256,1,1,0,0
0,36,kernel,_Z7k_ffwd211Ffwd2Params,0.0748810023,34,8,1,256,1,1,21504,0
0,37,kernel,_Z11k_conv_res211Conv2Params,0.0577200018,34,4,1,256,1,1,0,0
0,38,kernel,_Z11k_qkv_attn210AttnParams,0.167760998,8,5,16,256,1,1,23808,0
0,39,kernel,_Z11k_conv_res211Conv2Params,0.0548,34,4,1,256,1,1,0,0
0,40,kernel,_Z7k_ffwd211Ffwd2Params,0.0744400024,34,8,1,256,1,1,21504,0
0,41,kernel,_Z11k_conv_res211Conv2Params,0.0588800013,34,4,1,256,1,1,0,0
0,42,kernel,_Z11k_qkv_attn210AttnParams,0.167800993,8,5,16,256,1,1,23808,0
0,43,kernel,_Z11k_conv_res211Conv2Params,0.0543599986,34,4,1,256,1,1,0,0
0,44,kernel,_Z7k_ffwd211Ffwd2Params,0.0740810037,34,8,1,256,1,1,21504,0
0,45,kernel,_Z11k_conv_res211Conv2Params,0.0634000003,34,4,1,256,1,1,0,0
0,46,kernel,_Z11k_qkv_attn210AttnParams,0.167520002,8,5,16,256,1,1,23808,0
0,47,kernel,_Z11k_conv_res211Conv2Params,0.0583610013,34,4,1,256,1,1,0,0
0,48,kernel,_Z7k_ffwd211Ffwd2Params,0.0747999996,34,8,1,256,1,1,21504,0
0,49,kernel,_Z11k_conv_res211Conv2Params,0.0578400008,34,4,1,256,1,1,0,0
0,50,kernel,_Z11k_qkv_attn210AttnParams,0.168521002,8,5,16,256,1,1,23808,0
0,51,kernel,_Z11k_conv_res211Conv2Params,0.0580400005,34,4,1,256,1,1,0,0
0,52,kernel,_Z7k_ffwd211Ffwd2Params,0.0750799999,34,8,1,256,1,1,21504,0
0,53,kernel,_Z11k_conv_res211Conv2Params,0.0580010004,34,4,1,256,1,1,0,0
0,54,kernel,_Z11k_qkv_attn210AttnParams,0.166480005,8,5,16,256,1,1,23808,0
0,55,kernel,_Z11k_conv_res211Conv2Params,0.0580400005,34,4,1,256,1,1,0,0
0,56,kernel,_Z7k_ffwd211Ffwd2Params,0.0746809989,34,8,1,256,1,1,21504,0
0,57,kernel,_Z11k_conv_res211Conv2Params,0.0580799989,34,4,1,256,1,1,0,0
0,58,kernel,_Z11k_qkv_attn210AttnParams,0.167320997,8,5,16,256,1,1,23808,0
0,59,kernel,_Z16k_conv_res_views12ConvPlParams,0.119159997,135,1,1,256,1,1,24576,0
0,60,kernel,_Z12k_final_head10HeadParams,0.0759999976,40,1,1,256,1,1,8192,0
0,61,kernel,_Z8k_repack12RepackParams,0.0325209983,256,1,1,256,1,1,0,0
0,62,kernel,_Z9k_expand212ExpandParams,0.104079999,9,32,1,256,1,1,0,0
0,63,kernel,_Z11k_contract212ConvParams1d,0.164840996,9,8,1,256,1,1,16384,0
0,64,kernel,_Z6k_qkv29QkvParams,0.0901200026,9,32,1,256,1,1,12800,0
0,65,kernel,_Z12k_attention212AttnParams1d,0.146880999,9,32,1,256,1,1,19456,0
0,66,kernel,_Z11k_contract212ConvParams1d,0.0667999983,9,8,1,256,1,1,16384,0
0,67,kernel,_Z9k_expand212ExpandParams,0.107600003,9,32,1,256,1,1,0,0
0,68,kernel,_Z11k_contract212ConvParams1d,0.162560999,9,8,1,256,1,1,16384,0
0,69,kernel,_Z6k_qkv29QkvParams,0.0886399969,9,32,1,256,1,1,12800,0
0,70,kernel,_Z12k_attention212AttnParams1d,0.143441007,9,32,1,256,1,1,19456,0
0,71,kernel,_Z11k_contract212ConvParams1d,0.0668800026,9,8,1,256,1,1,16384,0
0,72,kernel,_Z9k_expand212ExpandParams,0.101800002,9,32,1,256,1,1,0,0
0,73,kernel,_Z11k_contract212ConvParams1d,0.163201004,9,8,1,256,1,1,16384,0
0,74,kernel,_Z6k_qkv29QkvParams,0.0835200027,9,32,1,256,1,1,12800,0
0,75,kernel,_Z12k_attention212AttnParams1d,0.144001007,9,32,1,256,1,1,19456,0
0,76,kernel,_Z11k_contract212ConvParams1d,0.0664800033,9,8,1,256,1,1,16384,0
0,77,kernel,_Z9k_expand212ExpandParams,0.103481002,9,32,1,256,1,1,0,0
0,78,kernel,_Z11k_contract212ConvParams1d,0.162080005,9,8,1,256,1,1,16384,0
0,79,kernel,_Z6k_qkv29QkvParams,0.0916009992,9,32,1,256,1,1,12800,0
0,80,kernel,_Z12k_attention212AttnParams1d,0.14384,9,32,1,256,1,1,19456,0
0,81,kernel,_Z11k_contract212ConvParams1d,0.066519998,9,8,1,256,1,1,16384,0
0,82,kernel,_Z9k_expand212ExpandParams,0.104161002,9,32,1,256,1,1,0,0
0,83,kernel,_Z11k_contract212ConvParams1d,0.161719993,9,8,1,256,1,1,16384,0
0,84,kernel,_Z6k_qkv29QkvParams,0.0896010026,9,32,1,256,1,1,12800,0
0,85,kernel,_Z12k_attention212AttnParams1d,0.143759996,9,32,1,256,1,1,19456,0
0,86,kernel,_Z11k_contract212ConvParams1d,0.0639609993,9,8,1,256,1,1,16384,0
0,87,kernel,_Z9k_expand212ExpandParams,0.10396,9,32,1,256,1,1,0,0
0,88,kernel,_Z11k_contract212ConvParams1d,0.162160993,9,8,1,256,1,1,16384,0
0,89,kernel,_Z6k_qkv29QkvParams,0.0904799998,9,32,1,256,1,1,12800,0
0,90,kernel,_Z12k_attention212AttnParams1d,0.143720999,9,32,1,256,1,1,19456,0
0,91,kernel,_Z11k_contract212ConvParams1d,0.0661600009,9,8,1,256,1,1,16384,0
0,92,kernel,_Z9k_expand212ExpandParams,0.104599997,9,32,1,256,1,1,0,0
0,93,kernel,_Z11k_contract212ConvParams1d,0.161920995,9,8,1,256,1,1,16384,0
0,94,kernel,_Z6k_qkv29QkvParams,0.0903600007,9,32,1,256,1,1,12800,0
0,95,kernel,_Z12k_attention212AttnParams1d,0.143681005,9,32,1,256,1,1,19456,0
0,96,kernel,_Z11k_contract212ConvParams1d,0.0659999996,9,8,1,256,1,1,16384,0
0,97,kernel,_Z9k_expand212ExpandParams,0.103639998,9,32,1,256,1,1,0,0
0,98,kernel,_Z11k_contract212ConvParams1d,0.162000999,9,8,1,256,1,1,16384,0
0,99,kernel,_Z6k_qkv29QkvParams,0.0904399976,9,32,1,256,1,1,12800,0
0,100,kernel,_Z12k_attention212AttnParams1d,0.144001007,9,32,1,256,1,1,19456,0
0,101,kernel,_Z11k_contract212ConvParams1d,0.0621600002,9,8,1,256,1,1,16384,0
0,102,kernel,_Z8k_repack12RepackParams,0.0320000015,256,1,1,256,1,1,0,0
0,103,kernel,_Z14k_dec_upsample11DecUpParams,0.307121992,135,1,1,256,1,1,4096,0
0,104,kernel,_Z7k_ffwd211Ffwd2Params,0.077639997,34,8,1,256,1,1,21504,0
0,105,kernel,_Z11k_conv_res211Conv2Params,0.0543200001,34,4,1,256,1,1,0,0
0,106,kernel,_Z11k_qkv_attn210AttnParams,0.166481003,8,5,16,256,1,1,23808,0
0,107,kernel,_Z11k_conv_res211Conv2Params,0.0573999994,34,4,1,256,1,1,0,0
0,108,kernel,_Z7k_ffwd211Ffwd2Params,0.0752800032,34,8,1,256,1,1,21504,0
0,109,kernel,_Z11k_conv_res211Conv2Params,0.0538400002,34,4,1,256,1,1,0,0
0,110,kernel,_Z11k_qkv_attn210AttnParams,0.165441006,8,5,16,256,1,1,23808,0
0,111,kernel,_Z11k_conv_res211Conv2Params,0.0569600016,34,4,1,256,1,1,0,0
0,112,kernel,_Z7k_ffwd211Ffwd2Params,0.0742010027,34,8,1,256,1,1,21504,0
0,113,kernel,_Z11k_conv_res211Conv2Params,0.0574400015,34,4,1,256,1,1,0,0
0,114,kernel,_Z11k_qkv_attn210AttnParams,0.165199995,8,5,16,256,1,1,23808,0
0,115,kernel,_Z11k_conv_res211Conv2Params,0.0571199991,34,4,1,256,1,1,0,0
0,116,kernel,_Z7k_ffwd211Ffwd2Params,0.0738800019,34,8,1,256,1,1,21504,0
0,117,kernel,_Z11k_conv_res211Conv2Params,0.056880001,34,4,1,256,1,1,0,0
0,118,kernel,_Z11k_qkv_attn210AttnParams,0.164881006,8,5,16,256,1,1,23808,0
0,119,kernel,_Z11k_conv_res211Conv2Params,0.0569199994,34,4,1,256,1,1,0,0
0,120,kernel,_Z7k_ffwd211Ffwd2Params,0.0743200034,34,8,1,256,1,1,21504,0
0,121,kernel,_Z11k_conv_res211Conv2Params,0.0573210008,34,4,1,256,1,1,0,0
0,122,kernel,_Z11k_qkv_attn210AttnParams,0.163959995,8,5,16,256,1,1,23808,0
0,123,kernel,_Z11k_conv_res211Conv2Params,0.0615210012,34,4,1,256,1,1,0,0
0,124,kernel,_Z7k_ffwd211Ffwd2Params,0.0746800005,34,8,1,256,1,1,21504,0
0,125,kernel,_Z11k_conv_res211Conv2Params,0.057,34,4,1,256,1,1,0,0
0,126,kernel,_Z11k_qkv_attn210AttnParams,0.164241001,8,5,16,256,1,1,23808,0
0,127,kernel,_Z11k_conv_res211Conv2Params,0.0529600009,34,4,1,256,1,1,0,0
0,128,kernel,_Z7k_ffwd211Ffwd2Params,0.0734800026,34,8,1,256,1,1,21504,0
0,129,kernel,_Z11k_conv_res211Conv2Params,0.057,34,4,1,256,1,1,0,0
0,130,kernel,_Z11k_qkv_attn210AttnParams,0.163720995,8,5,16,256,1,1,23808,0
0,131,kernel,_Z11k_conv_res211Conv2Params,0.0571600012,34,4,1,256,1,1,0,0
0,132,kernel,_Z7k_ffwd211Ffwd2Params,0.0733610019,34,8,1,256,1,1,21504,0
0,133,kernel,_Z11k_conv_res211Conv2Params,0.0565200001,34,4,1,256,1,1,0,0
0,134,kernel,_Z11k_qkv_attn210AttnParams,0.163479999,8,5,16,256,1,1,23808,0
0,135,kernel,_Z11k_conv_res211Conv2Params,0.0609610006,34,4,1,256,1,1,0,0
0,136,kernel,_Z10k_swin_varILi256ELb0EEv9VarParams,0.364080995,15,9,1,256,1,1,19200,0
0,137,kernel,_Z10k_swin_varILi256ELb0EEv9VarParams,0.34336099,16,10,1,256,1,1,19200,0
0,138,kernel,_Z10k_swin_varILi256ELb0EEv9VarParams,0.319602013,16,9,1,256,1,1,19200,0
0,139,kernel,_Z10k_swin_varILi256ELb0EEv9VarParams,0.341960996,15,10,1,256,1,1,19200,0
0,140,kernel,_Z10k_swin_varILi256ELb0EEv9VarParams,0.316201001,15,9,1,256,1,1,19200,0
0,141,kernel,_Z10k_swin_varILi256ELb0EEv9VarParams,0.343481004,16,10,1,256,1,1,19200,0
0,142,kernel,_Z10k_swin_varILi256ELb0EEv9VarParams,0.33632201,16,9,1,256,1,1,19200,0
0,143,kernel,_Z10k_swin_varILi256ELb0EEv9VarParams,0.340440989,15,10,1,256,1,1,19200,0
0,144,kernel,_Z10k_swin_varILi128ELb0EEv9VarParams,0.456322014,31,18,1,256,1,1,15616,0
0,145,kernel,_Z10k_swin_varILi128ELb0EEv9VarParams,0.401921004,30,19,1,256,1,1,15616,0
0,146,kernel,_Z10k_swin_varILi128ELb0EEv9VarParams,0.382881999,30,18,1,256,1,1,15616,0
0,147,kernel,_Z10k_swin_varILi128ELb0EEv9VarParams,0.410921007,31,19,1,256,1,1,15616,0
0,148,kernel,_Z10k_swin_varILi128ELb0EEv9VarParams,0.39024201,31,18,1,256,1,1,15616,0
0,149,kernel,_Z10k_swin_varILi128ELb0EEv9VarParams,0.402280986,30,19,1,256,1,1,15616,0
0,150,kernel,_Z10k_swin_varILi64ELb0EEv9VarParams,0.708082974,60,36,1,256,1,1,15616,0
0,151,kernel,_Z10k_swin_varILi64ELb0EEv9VarParams,0.620082021,61,37,1,256,1,1,15616,0
0,152,kernel,_Z10k_swin_varILi64ELb0EEv9VarParams,0.603882015,61,36,1,256,1,1,15616,0
0,153,kernel,_Z10k_swin_varILi64ELb0EEv9VarParams,0.612523019,60,37,1,256,1,1,15616,0
0,154,kernel,_Z10k_swin_varILi32ELb1EEv9VarParams,1.367365,120,72,1,256,1,1,15616,0
0,155,kernel,_Z10k_swin_varILi32ELb0EEv9VarParams,0.960684001,121,73,1,256,1,1,15632,0
0,156,kernel,_Z10k_swin_varILi32ELb0EEv9VarParams,0.938602984,121,72,1,256,1,1,15632,0
0,157,kernel,_Z10k_swin_varILi32ELb0EEv9VarParams,0.975364029,120,73,1,256,1,1,15632,0
0,158,kernel,_Z10k_swin_varILi32ELb1EEv9VarParams,7.20786715,240,144,1,256,1,1,15616,0
0,159,kernel,_Z8k_export12ExportParams,0.143560007,8,1080,1,256,1,1,0,0
1,-1,instrumented,graph,48.6624641,0,0,0,0,0,0,0,0
1,0,kernel,_Z8k_import12ImportParams,0.0787599981,8,1152,1,256,1,1,0,0
1,1,kernel,_Z10k_swin_varILi32ELb1EEv9VarParams,6.24322319,240,144,1,256,1,1,15616,0
1,2,kernel,_Z10k_swin_varILi32ELb0EEv9VarParams,0.93444401,120,72,1,256,1,1,15632,0
1,3,kernel,_Z10k_swin_varILi32ELb0EEv9VarParams,0.96468401,121,73,1,256,1,1,15632,0
1,4,kernel,_Z10k_swin_varILi32ELb0EEv9VarParams,0.948723018,121,72,1,256,1,1,15632,0
1,5,kernel,_Z10k_swin_varILi32ELb0EEv9VarParams,1.11712396,120,73,1,256,1,1,15632,0
1,6,copy,device_to_device,0.121321,0,0,0,0,0,0,0,0
1,7,kernel,_Z10k_swin_varILi64ELb0EEv9VarParams,0.583642006,60,36,1,256,1,1,15616,0
1,8,kernel,_Z10k_swin_varILi64ELb0EEv9VarParams,0.606242001,61,37,1,256,1,1,15616,0
1,9,kernel,_Z10k_swin_varILi64ELb0EEv9VarParams,0.597922027,61,36,1,256,1,1,15616,0
1,10,kernel,_Z10k_swin_varILi64ELb0EEv9VarParams,0.63528198,60,37,1,256,1,1,15616,0
1,11,copy,device_to_device,0.04648,0,0,0,0,0,0,0,0
1,12,kernel,_Z10k_swin_varILi128ELb0EEv9VarParams,0.38024199,30,18,1,256,1,1,15616,0
1,13,kernel,_Z10k_swin_varILi128ELb0EEv9VarParams,0.405921012,31,19,1,256,1,1,15616,0
1,14,kernel,_Z10k_swin_varILi128ELb0EEv9VarParams,0.389521986,31,18,1,256,1,1,15616,0
1,15,kernel,_Z10k_swin_varILi128ELb0EEv9VarParams,0.400041014,30,19,1,256,1,1,15616,0
1,16,kernel,_Z10k_swin_varILi128ELb0EEv9VarParams,0.385802001,30,18,1,256,1,1,15616,0
1,17,kernel,_Z10k_swin_varILi128ELb0EEv9VarParams,0.438960999,31,19,1,256,1,1,15616,0
1,18,copy,device_to_device,0.0191200003,0,0,0,0,0,0,0,0
1,19,kernel,_Z10k_swin_varILi256ELb0EEv9VarParams,0.312361002,15,9,1,256,1,1,19200,0
1,20,kernel,_Z10k_swin_varILi256ELb0EEv9VarParams,0.344401002,16,10,1,256,1,1,19200,0
1,21,kernel,_Z10k_swin_varILi256ELb0EEv9VarParams,0.320960999,16,9,1,256,1,1,19200,0
1,22,kernel,_Z10k_swin_varILi256ELb0EEv9VarParams,0.343641996,15,10,1,256,1,1,19200,0
1,23,kernel,_Z10k_swin_varILi256ELb0EEv9VarParams,0.321640998,15,9,1,256,1,1,19200,0
1,24,kernel,_Z10k_swin_varILi256ELb0EEv9VarParams,0.348241001,16,10,1,256,1,1,19200,0
1,25,kernel,_Z10k_swin_varILi256ELb0EEv9VarParams,0.32328099,16,9,1,256,1,1,19200,0
1,26,kernel,_Z10k_swin_varILi256ELb0EEv9VarParams,0.367841989,15,10,1,256,1,1,19200,0
1,27,copy,device_to_device,0.0133600002,0,0,0,0,0,0,0,0
1,28,kernel,_Z7k_ffwd211Ffwd2Params,0.0835599974,34,8,1,256,1,1,21504,0
1,29,kernel,_Z11k_conv_res211Conv2Params,0.053679999,34,4,1,256,1,1,0,0
1,30,kernel,_Z11k_qkv_attn210AttnParams,0.165481001,8,5,16,256,1,1,23808,0
1,31,kernel,_Z11k_conv_res211Conv2Params,0.0577999987,34,4,1,256,1,1,0,0
1,32,kernel,_Z7k_ffwd211Ffwd2Params,0.0738810003,34,8,1,256,1,1,21504,0
1,33,kernel,_Z11k_conv_res211Conv2Params,0.0570800006,34,4,1,256,1,1,0,0
1,34,kernel,_Z11k_qkv_attn210AttnParams,0.165759996,8,5,16,256,1,1,23808,0
1,35,kernel,_Z11k_conv_res211Conv2Params,0.0576409996,34,4,1,256,1,1,0,0
1,36,kernel,_Z7k_ffwd211Ffwd2Params,0.0765599981,34,8,1,256,1,1,21504,0
1,37,kernel,_Z11k_conv_res211Conv2Params,0.0582799986,34,4,1,256,1,1,0,0
1,38,kernel,_Z11k_qkv_attn210AttnParams,0.166200995,8,5,16,256,1,1,23808,0
1,39,kernel,_Z11k_conv_res211Conv2Params,0.0585200004,34,4,1,256,1,1,0,0
1,40,kernel,_Z7k_ffwd211Ffwd2Params,0.0744000003,34,8,1,256,1,1,21504,0
1,41,kernel,_Z11k_conv_res211Conv2Params,0.0580010004,34,4,1,256,1,1,0,0
1,42,kernel,_Z11k_qkv_attn210AttnParams,0.164320007,8,5,16,256,1,1,23808,0
1,43,kernel,_Z11k_conv_res211Conv2Params,0.0572800003,34,4,1,256,1,1,0,0
1,44,kernel,_Z7k_ffwd211Ffwd2Params,0.0736809969,34,8,1,256,1,1,21504,0
1,45,kernel,_Z11k_conv_res211Conv2Params,0.0570399985,34,4,1,256,1,1,0,0
1,46,kernel,_Z11k_qkv_attn210AttnParams,0.161360994,8,5,16,256,1,1,23808,0
1,47,kernel,_Z11k_conv_res211Conv2Params,0.0573999994,34,4,1,256,1,1,0,0
1,48,kernel,_Z7k_ffwd211Ffwd2Params,0.0697600022,34,8,1,256,1,1,21504,0
1,49,kernel,_Z11k_conv_res211Conv2Params,0.0570399985,34,4,1,256,1,1,0,0
1,50,kernel,_Z11k_qkv_attn210AttnParams,0.164241001,8,5,16,256,1,1,23808,0
1,51,kernel,_Z11k_conv_res211Conv2Params,0.0572400019,34,4,1,256,1,1,0,0
1,52,kernel,_Z7k_ffwd211Ffwd2Params,0.0732809976,34,8,1,256,1,1,21504,0
1,53,kernel,_Z11k_conv_res211Conv2Params,0.0573199987,34,4,1,256,1,1,0,0
1,54,kernel,_Z11k_qkv_attn210AttnParams,0.163440004,8,5,16,256,1,1,23808,0
1,55,kernel,_Z11k_conv_res211Conv2Params,0.0572410002,34,4,1,256,1,1,0,0
1,56,kernel,_Z7k_ffwd211Ffwd2Params,0.0754799992,34,8,1,256,1,1,21504,0
1,57,kernel,_Z11k_conv_res211Conv2Params,0.0574400015,34,4,1,256,1,1,0,0
1,58,kernel,_Z11k_qkv_attn210AttnParams,0.163001001,8,5,16,256,1,1,23808,0
1,59,kernel,_Z16k_conv_res_views12ConvPlParams,0.116839997,135,1,1,256,1,1,24576,0
1,60,kernel,_Z12k_final_head10HeadParams,0.0776809976,40,1,1,256,1,1,8192,0
1,61,kernel,_Z8k_repack12RepackParams,0.0318799987,256,1,1,256,1,1,0,0
1,62,kernel,_Z9k_expand212ExpandParams,0.100639999,9,32,1,256,1,1,0,0
1,63,kernel,_Z11k_contract212ConvParams1d,0.160000995,9,8,1,256,1,1,16384,0
1,64,kernel,_Z6k_qkv29QkvParams,0.0872000009,9,32,1,256,1,1,12800,0
1,65,kernel,_Z12k_attention212AttnParams1d,0.140561,9,32,1,256,1,1,19456,0
1,66,kernel,_Z11k_contract212ConvParams1d,0.065200001,9,8,1,256,1,1,16384,0
1,67,kernel,_Z9k_expand212ExpandParams,0.104999997,9,32,1,256,1,1,0,0
1,68,kernel,_Z11k_contract212ConvParams1d,0.159841001,9,8,1,256,1,1,16384,0
1,69,kernel,_Z6k_qkv29QkvParams,0.0882799998,9,32,1,256,1,1,12800,0
1,70,kernel,_Z12k_attention212AttnParams1d,0.140240997,9,32,1,256,1,1,19456,0
1,71,kernel,_Z11k_contract212ConvParams1d,0.0650399998,9,8,1,256,1,1,16384,0
1,72,kernel,_Z9k_expand212ExpandParams,0.100680001,9,32,1,256,1,1,0,0
1,73,kernel,_Z11k_contract212ConvParams1d,0.158999994,9,8,1,256,1,1,16384,0
1,74,kernel,_Z6k_qkv29QkvParams,0.0834399983,9,32,1,256,1,1,12800,0
1,75,kernel,_Z12k_attention212AttnParams1d,0.144400999,9,32,1,256,1,1,19456,0
1,76,kernel,_Z11k_contract212ConvParams1d,0.065200001,9,8,1,256,1,1,16384,0
1,77,kernel,_Z9k_expand212ExpandParams,0.101121001,9,32,1,256,1,1,0,0
1,78,kernel,_Z11k_contract212ConvParams1d,0.158680007,9,8,1,256,1,1,16384,0
1,79,kernel,_Z6k_qkv29QkvParams,0.0897609964,9,32,1,256,1,1,12800,0
1,80,kernel,_Z12k_attention212AttnParams1d,0.140719995,9,32,1,256,1,1,19456,0
1,81,kernel,_Z11k_contract212ConvParams1d,0.0649999976,9,8,1,256,1,1,16384,0
1,82,kernel,_Z9k_expand212ExpandParams,0.104800999,9,32,1,256,1,1,0,0
1,83,kernel,_Z11k_contract212ConvParams1d,0.159439996,9,8,1,256,1,1,16384,0
1,84,kernel,_Z6k_qkv29QkvParams,0.0871199965,9,32,1,256,1,1,12800,0
1,85,kernel,_Z12k_attention212AttnParams1d,0.140520006,9,32,1,256,1,1,19456,0
1,86,kernel,_Z11k_contract212ConvParams1d,0.0655210018,9,8,1,256,1,1,16384,0
1,87,kernel,_Z9k_expand212ExpandParams,0.101879999,9,32,1,256,1,1,0,0
1,88,kernel,_Z11k_contract212ConvParams1d,0.159241006,9,8,1,256,1,1,16384,0
1,89,kernel,_Z6k_qkv29QkvParams,0.0899199992,9,32,1,256,1,1,12800,0
1,90,kernel,_Z12k_attention212AttnParams1d,0.136921003,9,32,1,256,1,1,19456,0
1,91,kernel,_Z11k_contract212ConvParams1d,0.0654800013,9,8,1,256,1,1,16384,0
1,92,kernel,_Z9k_expand212ExpandParams,0.105279997,9,32,1,256,1,1,0,0
1,93,kernel,_Z11k_contract212ConvParams1d,0.159121007,9,8,1,256,1,1,16384,0
1,94,kernel,_Z6k_qkv29QkvParams,0.0869200006,9,32,1,256,1,1,12800,0
1,95,kernel,_Z12k_attention212AttnParams1d,0.137241006,9,32,1,256,1,1,19456,0
1,96,kernel,_Z11k_contract212ConvParams1d,0.0657199994,9,8,1,256,1,1,16384,0
1,97,kernel,_Z9k_expand212ExpandParams,0.101800002,9,32,1,256,1,1,0,0
1,98,kernel,_Z11k_contract212ConvParams1d,0.160080999,9,8,1,256,1,1,16384,0
1,99,kernel,_Z6k_qkv29QkvParams,0.0890000015,9,32,1,256,1,1,12800,0
1,100,kernel,_Z12k_attention212AttnParams1d,0.141641006,9,32,1,256,1,1,19456,0
1,101,kernel,_Z11k_contract212ConvParams1d,0.0658000037,9,8,1,256,1,1,16384,0
1,102,kernel,_Z8k_repack12RepackParams,0.0320000015,256,1,1,256,1,1,0,0
1,103,kernel,_Z14k_dec_upsample11DecUpParams,0.300680995,135,1,1,256,1,1,4096,0
1,104,kernel,_Z7k_ffwd211Ffwd2Params,0.074601002,34,8,1,256,1,1,21504,0
1,105,kernel,_Z11k_conv_res211Conv2Params,0.0573999994,34,4,1,256,1,1,0,0
1,106,kernel,_Z11k_qkv_attn210AttnParams,0.164761007,8,5,16,256,1,1,23808,0
1,107,kernel,_Z11k_conv_res211Conv2Params,0.0572800003,34,4,1,256,1,1,0,0
1,108,kernel,_Z7k_ffwd211Ffwd2Params,0.0744400024,34,8,1,256,1,1,21504,0
1,109,kernel,_Z11k_conv_res211Conv2Params,0.0569199994,34,4,1,256,1,1,0,0
1,110,kernel,_Z11k_qkv_attn210AttnParams,0.166320994,8,5,16,256,1,1,23808,0
1,111,kernel,_Z11k_conv_res211Conv2Params,0.0573999994,34,4,1,256,1,1,0,0
1,112,kernel,_Z7k_ffwd211Ffwd2Params,0.0742010027,34,8,1,256,1,1,21504,0
1,113,kernel,_Z11k_conv_res211Conv2Params,0.0573199987,34,4,1,256,1,1,0,0
1,114,kernel,_Z11k_qkv_attn210AttnParams,0.163200006,8,5,16,256,1,1,23808,0
1,115,kernel,_Z11k_conv_res211Conv2Params,0.0567610003,34,4,1,256,1,1,0,0
1,116,kernel,_Z7k_ffwd211Ffwd2Params,0.073119998,34,8,1,256,1,1,21504,0
1,117,kernel,_Z11k_conv_res211Conv2Params,0.0573999994,34,4,1,256,1,1,0,0
1,118,kernel,_Z11k_qkv_attn210AttnParams,0.159801006,8,5,16,256,1,1,23808,0
1,119,kernel,_Z11k_conv_res211Conv2Params,0.0571199991,34,4,1,256,1,1,0,0
1,120,kernel,_Z7k_ffwd211Ffwd2Params,0.0736399963,34,8,1,256,1,1,21504,0
1,121,kernel,_Z11k_conv_res211Conv2Params,0.0572809987,34,4,1,256,1,1,0,0
1,122,kernel,_Z11k_qkv_attn210AttnParams,0.159319997,8,5,16,256,1,1,23808,0
1,123,kernel,_Z11k_conv_res211Conv2Params,0.0571999997,34,4,1,256,1,1,0,0
1,124,kernel,_Z7k_ffwd211Ffwd2Params,0.073601,34,8,1,256,1,1,21504,0
1,125,kernel,_Z11k_conv_res211Conv2Params,0.0544399992,34,4,1,256,1,1,0,0
1,126,kernel,_Z11k_qkv_attn210AttnParams,0.163160995,8,5,16,256,1,1,23808,0
1,127,kernel,_Z11k_conv_res211Conv2Params,0.0565599985,34,4,1,256,1,1,0,0
1,128,kernel,_Z7k_ffwd211Ffwd2Params,0.0735199973,34,8,1,256,1,1,21504,0
1,129,kernel,_Z11k_conv_res211Conv2Params,0.0568000004,34,4,1,256,1,1,0,0
1,130,kernel,_Z11k_qkv_attn210AttnParams,0.162521005,8,5,16,256,1,1,23808,0
1,131,kernel,_Z11k_conv_res211Conv2Params,0.0573199987,34,4,1,256,1,1,0,0
1,132,kernel,_Z7k_ffwd211Ffwd2Params,0.069081001,34,8,1,256,1,1,21504,0
1,133,kernel,_Z11k_conv_res211Conv2Params,0.0566800013,34,4,1,256,1,1,0,0
1,134,kernel,_Z11k_qkv_attn210AttnParams,0.165879995,8,5,16,256,1,1,23808,0
1,135,kernel,_Z11k_conv_res211Conv2Params,0.0567209981,34,4,1,256,1,1,0,0
1,136,kernel,_Z10k_swin_varILi256ELb0EEv9VarParams,0.360440999,15,9,1,256,1,1,19200,0
1,137,kernel,_Z10k_swin_varILi256ELb0EEv9VarParams,0.338840991,16,10,1,256,1,1,19200,0
1,138,kernel,_Z10k_swin_varILi256ELb0EEv9VarParams,0.320441991,16,9,1,256,1,1,19200,0
1,139,kernel,_Z10k_swin_varILi256ELb0EEv9VarParams,0.339681,15,10,1,256,1,1,19200,0
1,140,kernel,_Z10k_swin_varILi256ELb0EEv9VarParams,0.315001011,15,9,1,256,1,1,19200,0
1,141,kernel,_Z10k_swin_varILi256ELb0EEv9VarParams,0.338041008,16,10,1,256,1,1,19200,0
1,142,kernel,_Z10k_swin_varILi256ELb0EEv9VarParams,0.337482005,16,9,1,256,1,1,19200,0
1,143,kernel,_Z10k_swin_varILi256ELb0EEv9VarParams,0.335680991,15,10,1,256,1,1,19200,0
1,144,kernel,_Z10k_swin_varILi128ELb0EEv9VarParams,0.448482007,31,18,1,256,1,1,15616,0
1,145,kernel,_Z10k_swin_varILi128ELb0EEv9VarParams,0.397161007,30,19,1,256,1,1,15616,0
1,146,kernel,_Z10k_swin_varILi128ELb0EEv9VarParams,0.377241999,30,18,1,256,1,1,15616,0
1,147,kernel,_Z10k_swin_varILi128ELb0EEv9VarParams,0.406641006,31,19,1,256,1,1,15616,0
1,148,kernel,_Z10k_swin_varILi128ELb0EEv9VarParams,0.388761997,31,18,1,256,1,1,15616,0
1,149,kernel,_Z10k_swin_varILi128ELb0EEv9VarParams,0.401721001,30,19,1,256,1,1,15616,0
1,150,kernel,_Z10k_swin_varILi64ELb0EEv9VarParams,0.704563022,60,36,1,256,1,1,15616,0
1,151,kernel,_Z10k_swin_varILi64ELb0EEv9VarParams,0.619921982,61,37,1,256,1,1,15616,0
1,152,kernel,_Z10k_swin_varILi64ELb0EEv9VarParams,0.606242001,61,36,1,256,1,1,15616,0
1,153,kernel,_Z10k_swin_varILi64ELb0EEv9VarParams,0.614042997,60,37,1,256,1,1,15616,0
1,154,kernel,_Z10k_swin_varILi32ELb1EEv9VarParams,1.37024498,120,72,1,256,1,1,15616,0
1,155,kernel,_Z10k_swin_varILi32ELb0EEv9VarParams,0.967724025,121,73,1,256,1,1,15632,0
1,156,kernel,_Z10k_swin_varILi32ELb0EEv9VarParams,0.941003025,121,72,1,256,1,1,15632,0
1,157,kernel,_Z10k_swin_varILi32ELb0EEv9VarParams,0.965524018,120,73,1,256,1,1,15632,0
1,158,kernel,_Z10k_swin_varILi32ELb1EEv9VarParams,7.17446709,240,144,1,256,1,1,15616,0
1,159,kernel,_Z8k_export12ExportParams,0.144041002,8,1080,1,256,1,1,0,0
2,-1,instrumented,graph,48.7244568,0,0,0,0,0,0,0,0
2,0,kernel,_Z8k_import12ImportParams,0.0827199966,8,1152,1,256,1,1,0,0
2,1,kernel,_Z10k_swin_varILi32ELb1EEv9VarParams,6.23718309,240,144,1,256,1,1,15616,0
2,2,kernel,_Z10k_swin_varILi32ELb0EEv9VarParams,0.932523012,120,72,1,256,1,1,15632,0
2,3,kernel,_Z10k_swin_varILi32ELb0EEv9VarParams,0.964523971,121,73,1,256,1,1,15632,0
2,4,kernel,_Z10k_swin_varILi32ELb0EEv9VarParams,0.946923018,121,72,1,256,1,1,15632,0
2,5,kernel,_Z10k_swin_varILi32ELb0EEv9VarParams,1.129004,120,73,1,256,1,1,15632,0
2,6,copy,device_to_device,0.120800003,0,0,0,0,0,0,0,0
2,7,kernel,_Z10k_swin_varILi64ELb0EEv9VarParams,0.584122002,60,36,1,256,1,1,15616,0
2,8,kernel,_Z10k_swin_varILi64ELb0EEv9VarParams,0.608002007,61,37,1,256,1,1,15616,0
2,9,kernel,_Z10k_swin_varILi64ELb0EEv9VarParams,0.596881986,61,36,1,256,1,1,15616,0
2,10,kernel,_Z10k_swin_varILi64ELb0EEv9VarParams,0.632601976,60,37,1,256,1,1,15616,0
2,11,copy,device_to_device,0.0481600016,0,0,0,0,0,0,0,0
2,12,kernel,_Z10k_swin_varILi128ELb0EEv9VarParams,0.379721999,30,18,1,256,1,1,15616,0
2,13,kernel,_Z10k_swin_varILi128ELb0EEv9VarParams,0.407200992,31,19,1,256,1,1,15616,0
2,14,kernel,_Z10k_swin_varILi128ELb0EEv9VarParams,0.392042011,31,18,1,256,1,1,15616,0
2,15,kernel,_Z10k_swin_varILi128ELb0EEv9VarParams,0.402081013,30,19,1,256,1,1,15616,0
2,16,kernel,_Z10k_swin_varILi128ELb0EEv9VarParams,0.382241011,30,18,1,256,1,1,15616,0
2,17,kernel,_Z10k_swin_varILi128ELb0EEv9VarParams,0.437200993,31,19,1,256,1,1,15616,0
2,18,copy,device_to_device,0.0186800007,0,0,0,0,0,0,0,0
2,19,kernel,_Z10k_swin_varILi256ELb0EEv9VarParams,0.318241,15,9,1,256,1,1,19200,0
2,20,kernel,_Z10k_swin_varILi256ELb0EEv9VarParams,0.34692201,16,10,1,256,1,1,19200,0
2,21,kernel,_Z10k_swin_varILi256ELb0EEv9VarParams,0.344121009,16,9,1,256,1,1,19200,0
2,22,kernel,_Z10k_swin_varILi256ELb0EEv9VarParams,0.346040994,15,10,1,256,1,1,19200,0
2,23,kernel,_Z10k_swin_varILi256ELb0EEv9VarParams,0.323161006,15,9,1,256,1,1,19200,0
2,24,kernel,_Z10k_swin_varILi256ELb0EEv9VarParams,0.346801996,16,10,1,256,1,1,19200,0
2,25,kernel,_Z10k_swin_varILi256ELb0EEv9VarParams,0.346161008,16,9,1,256,1,1,19200,0
2,26,kernel,_Z10k_swin_varILi256ELb0EEv9VarParams,0.366481006,15,10,1,256,1,1,19200,0
2,27,copy,device_to_device,0.0132799996,0,0,0,0,0,0,0,0
2,28,kernel,_Z7k_ffwd211Ffwd2Params,0.0835610032,34,8,1,256,1,1,21504,0
2,29,kernel,_Z11k_conv_res211Conv2Params,0.0569600016,34,4,1,256,1,1,0,0
2,30,kernel,_Z11k_qkv_attn210AttnParams,0.165400997,8,5,16,256,1,1,23808,0
2,31,kernel,_Z11k_conv_res211Conv2Params,0.0582000017,34,4,1,256,1,1,0,0
2,32,kernel,_Z7k_ffwd211Ffwd2Params,0.0738399997,34,8,1,256,1,1,21504,0
2,33,kernel,_Z11k_conv_res211Conv2Params,0.0578799993,34,4,1,256,1,1,0,0
2,34,kernel,_Z11k_qkv_attn210AttnParams,0.165520996,8,5,16,256,1,1,23808,0
2,35,kernel,_Z11k_conv_res211Conv2Params,0.056880001,34,4,1,256,1,1,0,0
2,36,kernel,_Z7k_ffwd211Ffwd2Params,0.0742399991,34,8,1,256,1,1,21504,0
2,37,kernel,_Z11k_conv_res211Conv2Params,0.0582810007,34,4,1,256,1,1,0,0
2,38,kernel,_Z11k_qkv_attn210AttnParams,0.16392,8,5,16,256,1,1,23808,0
2,39,kernel,_Z11k_conv_res211Conv2Params,0.0575609989,34,4,1,256,1,1,0,0
2,40,kernel,_Z7k_ffwd211Ffwd2Params,0.073239997,34,8,1,256,1,1,21504,0
2,41,kernel,_Z11k_conv_res211Conv2Params,0.0571999997,34,4,1,256,1,1,0,0
2,42,kernel,_Z11k_qkv_attn210AttnParams,0.164441004,8,5,16,256,1,1,23808,0
2,43,kernel,_Z11k_conv_res211Conv2Params,0.0575199984,34,4,1,256,1,1,0,0
2,44,kernel,_Z7k_ffwd211Ffwd2Params,0.0734400004,34,8,1,256,1,1,21504,0
2,45,kernel,_Z11k_conv_res211Conv2Params,0.0568399988,34,4,1,256,1,1,0,0
2,46,kernel,_Z11k_qkv_attn210AttnParams,0.163920999,8,5,16,256,1,1,23808,0
2,47,kernel,_Z11k_conv_res211Conv2Params,0.0546399988,34,4,1,256,1,1,0,0
2,48,kernel,_Z7k_ffwd211Ffwd2Params,0.0730810016,34,8,1,256,1,1,21504,0
2,49,kernel,_Z11k_conv_res211Conv2Params,0.0571600012,34,4,1,256,1,1,0,0
2,50,kernel,_Z11k_qkv_attn210AttnParams,0.160799995,8,5,16,256,1,1,23808,0
2,51,kernel,_Z11k_conv_res211Conv2Params,0.0572410002,34,4,1,256,1,1,0,0
2,52,kernel,_Z7k_ffwd211Ffwd2Params,0.0739199966,34,8,1,256,1,1,21504,0
2,53,kernel,_Z11k_conv_res211Conv2Params,0.0538799986,34,4,1,256,1,1,0,0
2,54,kernel,_Z11k_qkv_attn210AttnParams,0.159841001,8,5,16,256,1,1,23808,0
2,55,kernel,_Z11k_conv_res211Conv2Params,0.0572400019,34,4,1,256,1,1,0,0
2,56,kernel,_Z7k_ffwd211Ffwd2Params,0.0737200007,34,8,1,256,1,1,21504,0
2,57,kernel,_Z11k_conv_res211Conv2Params,0.0570800006,34,4,1,256,1,1,0,0
2,58,kernel,_Z11k_qkv_attn210AttnParams,0.160120994,8,5,16,256,1,1,23808,0
2,59,kernel,_Z16k_conv_res_views12ConvPlParams,0.117280997,135,1,1,256,1,1,24576,0
2,60,kernel,_Z12k_final_head10HeadParams,0.0766799971,40,1,1,256,1,1,8192,0
2,61,kernel,_Z8k_repack12RepackParams,0.0319200009,256,1,1,256,1,1,0,0
2,62,kernel,_Z9k_expand212ExpandParams,0.102279998,9,32,1,256,1,1,0,0
2,63,kernel,_Z11k_contract212ConvParams1d,0.157801002,9,8,1,256,1,1,16384,0
2,64,kernel,_Z6k_qkv29QkvParams,0.0894000009,9,32,1,256,1,1,12800,0
2,65,kernel,_Z12k_attention212AttnParams1d,0.142280996,9,32,1,256,1,1,19456,0
2,66,kernel,_Z11k_contract212ConvParams1d,0.0618799999,9,8,1,256,1,1,16384,0
2,67,kernel,_Z9k_expand212ExpandParams,0.105439998,9,32,1,256,1,1,0,0
2,68,kernel,_Z11k_contract212ConvParams1d,0.159841001,9,8,1,256,1,1,16384,0
2,69,kernel,_Z6k_qkv29QkvParams,0.0869999975,9,32,1,256,1,1,12800,0
2,70,kernel,_Z12k_attention212AttnParams1d,0.137121007,9,32,1,256,1,1,19456,0
2,71,kernel,_Z11k_contract212ConvParams1d,0.0654399991,9,8,1,256,1,1,16384,0
2,72,kernel,_Z9k_expand212ExpandParams,0.101241,9,32,1,256,1,1,0,0
2,73,kernel,_Z11k_contract212ConvParams1d,0.160400003,9,8,1,256,1,1,16384,0
2,74,kernel,_Z6k_qkv29QkvParams,0.0868809968,9,32,1,256,1,1,12800,0
2,75,kernel,_Z12k_attention212AttnParams1d,0.141440004,9,32,1,256,1,1,19456,0
2,76,kernel,_Z11k_contract212ConvParams1d,0.0656400025,9,8,1,256,1,1,16384,0
2,77,kernel,_Z9k_expand212ExpandParams,0.101320997,9,32,1,256,1,1,0,0
2,78,kernel,_Z11k_contract212ConvParams1d,0.159480006,9,8,1,256,1,1,16384,0
2,79,kernel,_Z6k_qkv29QkvParams,0.0894810036,9,32,1,256,1,1,12800,0
2,80,kernel,_Z12k_attention212AttnParams1d,0.140919998,9,32,1,256,1,1,19456,0
2,81,kernel,_Z11k_contract212ConvParams1d,0.0655599982,9,8,1,256,1,1,16384,0
2,82,kernel,_Z9k_expand212ExpandParams,0.105200998,9,32,1,256,1,1,0,0
2,83,kernel,_Z11k_contract212ConvParams1d,0.159360006,9,8,1,256,1,1,16384,0
2,84,kernel,_Z6k_qkv29QkvParams,0.0881199986,9,32,1,256,1,1,12800,0
2,85,kernel,_Z12k_attention212AttnParams1d,0.141320005,9,32,1,256,1,1,19456,0
2,86,kernel,_Z11k_contract212ConvParams1d,0.0652810037,9,8,1,256,1,1,16384,0
2,87,kernel,_Z9k_expand212ExpandParams,0.102480002,9,32,1,256,1,1,0,0
2,88,kernel,_Z11k_contract212ConvParams1d,0.159640998,9,8,1,256,1,1,16384,0
2,89,kernel,_Z6k_qkv29QkvParams,0.0857200027,9,32,1,256,1,1,12800,0
2,90,kernel,_Z12k_attention212AttnParams1d,0.141519994,9,32,1,256,1,1,19456,0
2,91,kernel,_Z11k_contract212ConvParams1d,0.0652410015,9,8,1,256,1,1,16384,0
2,92,kernel,_Z9k_expand212ExpandParams,0.102799997,9,32,1,256,1,1,0,0
2,93,kernel,_Z11k_contract212ConvParams1d,0.160521001,9,8,1,256,1,1,16384,0
2,94,kernel,_Z6k_qkv29QkvParams,0.0885199979,9,32,1,256,1,1,12800,0
2,95,kernel,_Z12k_attention212AttnParams1d,0.142441005,9,32,1,256,1,1,19456,0
2,96,kernel,_Z11k_contract212ConvParams1d,0.0655599982,9,8,1,256,1,1,16384,0
2,97,kernel,_Z9k_expand212ExpandParams,0.101680003,9,32,1,256,1,1,0,0
2,98,kernel,_Z11k_contract212ConvParams1d,0.161041006,9,8,1,256,1,1,16384,0
2,99,kernel,_Z6k_qkv29QkvParams,0.0902400017,9,32,1,256,1,1,12800,0
2,100,kernel,_Z12k_attention212AttnParams1d,0.142600998,9,32,1,256,1,1,19456,0
2,101,kernel,_Z11k_contract212ConvParams1d,0.0659200028,9,8,1,256,1,1,16384,0
2,102,kernel,_Z8k_repack12RepackParams,0.0318400003,256,1,1,256,1,1,0,0
2,103,kernel,_Z14k_dec_upsample11DecUpParams,0.306160986,135,1,1,256,1,1,4096,0
2,104,kernel,_Z7k_ffwd211Ffwd2Params,0.0753209963,34,8,1,256,1,1,21504,0
2,105,kernel,_Z11k_conv_res211Conv2Params,0.0581200011,34,4,1,256,1,1,0,0
2,106,kernel,_Z11k_qkv_attn210AttnParams,0.165319994,8,5,16,256,1,1,23808,0
2,107,kernel,_Z11k_conv_res211Conv2Params,0.0575210005,34,4,1,256,1,1,0,0
2,108,kernel,_Z7k_ffwd211Ffwd2Params,0.0747999996,34,8,1,256,1,1,21504,0
2,109,kernel,_Z11k_conv_res211Conv2Params,0.057599999,34,4,1,256,1,1,0,0
2,110,kernel,_Z11k_qkv_attn210AttnParams,0.165481001,8,5,16,256,1,1,23808,0
2,111,kernel,_Z11k_conv_res211Conv2Params,0.0571199991,34,4,1,256,1,1,0,0
2,112,kernel,_Z7k_ffwd211Ffwd2Params,0.0739199966,34,8,1,256,1,1,21504,0
2,113,kernel,_Z11k_conv_res211Conv2Params,0.0571600012,34,4,1,256,1,1,0,0
2,114,kernel,_Z11k_qkv_attn210AttnParams,0.164399996,8,5,16,256,1,1,23808,0
2,115,kernel,_Z11k_conv_res211Conv2Params,0.0571999997,34,4,1,256,1,1,0,0
2,116,kernel,_Z7k_ffwd211Ffwd2Params,0.0738409981,34,8,1,256,1,1,21504,0
2,117,kernel,_Z11k_conv_res211Conv2Params,0.0557200015,34,4,1,256,1,1,0,0
2,118,kernel,_Z11k_qkv_attn210AttnParams,0.164279997,8,5,16,256,1,1,23808,0
2,119,kernel,_Z11k_conv_res211Conv2Params,0.0570410006,34,4,1,256,1,1,0,0
2,120,kernel,_Z7k_ffwd211Ffwd2Params,0.0733999982,34,8,1,256,1,1,21504,0
2,121,kernel,_Z11k_conv_res211Conv2Params,0.0557599999,34,4,1,256,1,1,0,0
2,122,kernel,_Z11k_qkv_attn210AttnParams,0.163840994,8,5,16,256,1,1,23808,0
2,123,kernel,_Z11k_conv_res211Conv2Params,0.0542000011,34,4,1,256,1,1,0,0
2,124,kernel,_Z7k_ffwd211Ffwd2Params,0.073239997,34,8,1,256,1,1,21504,0
2,125,kernel,_Z11k_conv_res211Conv2Params,0.0535209998,34,4,1,256,1,1,0,0
2,126,kernel,_Z11k_qkv_attn210AttnParams,0.163519993,8,5,16,256,1,1,23808,0
2,127,kernel,_Z11k_conv_res211Conv2Params,0.0529600009,34,4,1,256,1,1,0,0
2,128,kernel,_Z7k_ffwd211Ffwd2Params,0.073601,34,8,1,256,1,1,21504,0
2,129,kernel,_Z11k_conv_res211Conv2Params,0.0573999994,34,4,1,256,1,1,0,0
2,130,kernel,_Z11k_qkv_attn210AttnParams,0.159679994,8,5,16,256,1,1,23808,0
2,131,kernel,_Z11k_conv_res211Conv2Params,0.0574409999,34,4,1,256,1,1,0,0
2,132,kernel,_Z7k_ffwd211Ffwd2Params,0.0732799992,34,8,1,256,1,1,21504,0
2,133,kernel,_Z11k_conv_res211Conv2Params,0.057,34,4,1,256,1,1,0,0
2,134,kernel,_Z11k_qkv_attn210AttnParams,0.162920997,8,5,16,256,1,1,23808,0
2,135,kernel,_Z11k_conv_res211Conv2Params,0.060800001,34,4,1,256,1,1,0,0
2,136,kernel,_Z10k_swin_varILi256ELb0EEv9VarParams,0.361800998,15,9,1,256,1,1,19200,0
2,137,kernel,_Z10k_swin_varILi256ELb0EEv9VarParams,0.34324199,16,10,1,256,1,1,19200,0
2,138,kernel,_Z10k_swin_varILi256ELb0EEv9VarParams,0.318161011,16,9,1,256,1,1,19200,0
2,139,kernel,_Z10k_swin_varILi256ELb0EEv9VarParams,0.340481013,15,10,1,256,1,1,19200,0
2,140,kernel,_Z10k_swin_varILi256ELb0EEv9VarParams,0.314880997,15,9,1,256,1,1,19200,0
2,141,kernel,_Z10k_swin_varILi256ELb0EEv9VarParams,0.340321988,16,10,1,256,1,1,19200,0
2,142,kernel,_Z10k_swin_varILi256ELb0EEv9VarParams,0.318881005,16,9,1,256,1,1,19200,0
2,143,kernel,_Z10k_swin_varILi256ELb0EEv9VarParams,0.337440997,15,10,1,256,1,1,19200,0
2,144,kernel,_Z10k_swin_varILi128ELb0EEv9VarParams,0.448601991,31,18,1,256,1,1,15616,0
2,145,kernel,_Z10k_swin_varILi128ELb0EEv9VarParams,0.398481011,30,19,1,256,1,1,15616,0
2,146,kernel,_Z10k_swin_varILi128ELb0EEv9VarParams,0.381121993,30,18,1,256,1,1,15616,0
2,147,kernel,_Z10k_swin_varILi128ELb0EEv9VarParams,0.408960998,31,19,1,256,1,1,15616,0
2,148,kernel,_Z10k_swin_varILi128ELb0EEv9VarParams,0.391640991,31,18,1,256,1,1,15616,0
2,149,kernel,_Z10k_swin_varILi128ELb0EEv9VarParams,0.400081009,30,19,1,256,1,1,15616,0
2,150,kernel,_Z10k_swin_varILi64ELb0EEv9VarParams,0.702042997,60,36,1,256,1,1,15616,0
2,151,kernel,_Z10k_swin_varILi64ELb0EEv9VarParams,0.617241979,61,37,1,256,1,1,15616,0
2,152,kernel,_Z10k_swin_varILi64ELb0EEv9VarParams,0.601401985,61,36,1,256,1,1,15616,0
2,153,kernel,_Z10k_swin_varILi64ELb0EEv9VarParams,0.611321986,60,37,1,256,1,1,15616,0
2,154,kernel,_Z10k_swin_varILi32ELb1EEv9VarParams,1.36408496,120,72,1,256,1,1,15616,0
2,155,kernel,_Z10k_swin_varILi32ELb0EEv9VarParams,0.962603986,121,73,1,256,1,1,15632,0
2,156,kernel,_Z10k_swin_varILi32ELb0EEv9VarParams,0.94600302,121,72,1,256,1,1,15632,0
2,157,kernel,_Z10k_swin_varILi32ELb0EEv9VarParams,0.958244026,120,73,1,256,1,1,15632,0
2,158,kernel,_Z10k_swin_varILi32ELb1EEv9VarParams,7.19914579,240,144,1,256,1,1,15616,0
2,159,kernel,_Z8k_export12ExportParams,0.143320993,8,1080,1,256,1,1,0,0
3,-1,instrumented,graph,48.6912994,0,0,0,0,0,0,0,0
3,0,kernel,_Z8k_import12ImportParams,0.0826800019,8,1152,1,256,1,1,0,0
3,1,kernel,_Z10k_swin_varILi32ELb1EEv9VarParams,6.283144,240,144,1,256,1,1,15616,0
3,2,kernel,_Z10k_swin_varILi32ELb0EEv9VarParams,0.942722976,120,72,1,256,1,1,15632,0
3,3,kernel,_Z10k_swin_varILi32ELb0EEv9VarParams,0.967004001,121,73,1,256,1,1,15632,0
3,4,kernel,_Z10k_swin_varILi32ELb0EEv9VarParams,0.951162994,121,72,1,256,1,1,15632,0
3,5,kernel,_Z10k_swin_varILi32ELb0EEv9VarParams,1.129565,120,73,1,256,1,1,15632,0
3,6,copy,device_to_device,0.121040002,0,0,0,0,0,0,0,0
3,7,kernel,_Z10k_swin_varILi64ELb0EEv9VarParams,0.592122018,60,36,1,256,1,1,15616,0
3,8,kernel,_Z10k_swin_varILi64ELb0EEv9VarParams,0.608563006,61,37,1,256,1,1,15616,0
3,9,kernel,_Z10k_swin_varILi64ELb0EEv9VarParams,0.593281984,61,36,1,256,1,1,15616,0
3,10,kernel,_Z10k_swin_varILi64ELb0EEv9VarParams,0.637842,60,37,1,256,1,1,15616,0
3,11,copy,device_to_device,0.0469200015,0,0,0,0,0,0,0,0
3,12,kernel,_Z10k_swin_varILi128ELb0EEv9VarParams,0.378841996,30,18,1,256,1,1,15616,0
3,13,kernel,_Z10k_swin_varILi128ELb0EEv9VarParams,0.407880992,31,19,1,256,1,1,15616,0
3,14,kernel,_Z10k_swin_varILi128ELb0EEv9VarParams,0.390522003,31,18,1,256,1,1,15616,0
3,15,kernel,_Z10k_swin_varILi128ELb0EEv9VarParams,0.400361001,30,19,1,256,1,1,15616,0
3,16,kernel,_Z10k_swin_varILi128ELb0EEv9VarParams,0.384442002,30,18,1,256,1,1,15616,0
3,17,kernel,_Z10k_swin_varILi128ELb0EEv9VarParams,0.437321991,31,19,1,256,1,1,15616,0
3,18,copy,device_to_device,0.0190399997,0,0,0,0,0,0,0,0
3,19,kernel,_Z10k_swin_varILi256ELb0EEv9VarParams,0.313721001,15,9,1,256,1,1,19200,0
3,20,kernel,_Z10k_swin_varILi256ELb0EEv9VarParams,0.343241006,16,10,1,256,1,1,19200,0
3,21,kernel,_Z10k_swin_varILi256ELb0EEv9VarParams,0.318120986,16,9,1,256,1,1,19200,0
3,22,kernel,_Z10k_swin_varILi256ELb0EEv9VarParams,0.339242011,15,10,1,256,1,1,19200,0
3,23,kernel,_Z10k_swin_varILi256ELb0EEv9VarParams,0.316641003,15,9,1,256,1,1,19200,0
3,24,kernel,_Z10k_swin_varILi256ELb0EEv9VarParams,0.343001008,16,10,1,256,1,1,19200,0
3,25,kernel,_Z10k_swin_varILi256ELb0EEv9VarParams,0.317281008,16,9,1,256,1,1,19200,0
3,26,kernel,_Z10k_swin_varILi256ELb0EEv9VarParams,0.369082004,15,10,1,256,1,1,19200,0
3,27,copy,device_to_device,0.0131200003,0,0,0,0,0,0,0,0
3,28,kernel,_Z7k_ffwd211Ffwd2Params,0.08292,34,8,1,256,1,1,21504,0
3,29,kernel,_Z11k_conv_res211Conv2Params,0.0566399992,34,4,1,256,1,1,0,0
3,30,kernel,_Z11k_qkv_attn210AttnParams,0.162360996,8,5,16,256,1,1,23808,0
3,31,kernel,_Z11k_conv_res211Conv2Params,0.0533999987,34,4,1,256,1,1,0,0
3,32,kernel,_Z7k_ffwd211Ffwd2Params,0.0728399977,34,8,1,256,1,1,21504,0
3,33,kernel,_Z11k_conv_res211Conv2Params,0.0524809994,34,4,1,256,1,1,0,0
3,34,kernel,_Z11k_qkv_attn210AttnParams,0.160359994,8,5,16,256,1,1,23808,0
3,35,kernel,_Z11k_conv_res211Conv2Params,0.0557599999,34,4,1,256,1,1,0,0
3,36,kernel,_Z7k_ffwd211Ffwd2Params,0.0739599988,34,8,1,256,1,1,21504,0
3,37,kernel,_Z11k_conv_res211Conv2Params,0.0573999994,34,4,1,256,1,1,0,0
3,38,kernel,_Z11k_qkv_attn210AttnParams,0.163681,8,5,16,256,1,1,23808,0
3,39,kernel,_Z11k_conv_res211Conv2Params,0.0570399985,34,4,1,256,1,1,0,0
3,40,kernel,_Z7k_ffwd211Ffwd2Params,0.0738800019,34,8,1,256,1,1,21504,0
3,41,kernel,_Z11k_conv_res211Conv2Params,0.0602799989,34,4,1,256,1,1,0,0
3,42,kernel,_Z11k_qkv_attn210AttnParams,0.163321003,8,5,16,256,1,1,23808,0
3,43,kernel,_Z11k_conv_res211Conv2Params,0.0566399992,34,4,1,256,1,1,0,0
3,44,kernel,_Z7k_ffwd211Ffwd2Params,0.0735210031,34,8,1,256,1,1,21504,0
3,45,kernel,_Z11k_conv_res211Conv2Params,0.0569600016,34,4,1,256,1,1,0,0
3,46,kernel,_Z11k_qkv_attn210AttnParams,0.162640005,8,5,16,256,1,1,23808,0
3,47,kernel,_Z11k_conv_res211Conv2Params,0.0568809994,34,4,1,256,1,1,0,0
3,48,kernel,_Z7k_ffwd211Ffwd2Params,0.0732799992,34,8,1,256,1,1,21504,0
3,49,kernel,_Z11k_conv_res211Conv2Params,0.0562000014,34,4,1,256,1,1,0,0
3,50,kernel,_Z11k_qkv_attn210AttnParams,0.162641004,8,5,16,256,1,1,23808,0
3,51,kernel,_Z11k_conv_res211Conv2Params,0.0567199998,34,4,1,256,1,1,0,0
3,52,kernel,_Z7k_ffwd211Ffwd2Params,0.0736799985,34,8,1,256,1,1,21504,0
3,53,kernel,_Z11k_conv_res211Conv2Params,0.0570410006,34,4,1,256,1,1,0,0
3,54,kernel,_Z11k_qkv_attn210AttnParams,0.162440002,8,5,16,256,1,1,23808,0
3,55,kernel,_Z11k_conv_res211Conv2Params,0.0569600016,34,4,1,256,1,1,0,0
3,56,kernel,_Z7k_ffwd211Ffwd2Params,0.073481001,34,8,1,256,1,1,21504,0
3,57,kernel,_Z11k_conv_res211Conv2Params,0.0525600016,34,4,1,256,1,1,0,0
3,58,kernel,_Z11k_qkv_attn210AttnParams,0.157840997,8,5,16,256,1,1,23808,0
3,59,kernel,_Z16k_conv_res_views12ConvPlParams,0.115400001,135,1,1,256,1,1,24576,0
3,60,kernel,_Z12k_final_head10HeadParams,0.075319998,40,1,1,256,1,1,8192,0
3,61,kernel,_Z8k_repack12RepackParams,0.0318799987,256,1,1,256,1,1,0,0
3,62,kernel,_Z9k_expand212ExpandParams,0.103641003,9,32,1,256,1,1,0,0
3,63,kernel,_Z11k_contract212ConvParams1d,0.160119995,9,8,1,256,1,1,16384,0
3,64,kernel,_Z6k_qkv29QkvParams,0.0881609991,9,32,1,256,1,1,12800,0
3,65,kernel,_Z12k_attention212AttnParams1d,0.140080005,9,32,1,256,1,1,19456,0
3,66,kernel,_Z11k_contract212ConvParams1d,0.0647609979,9,8,1,256,1,1,16384,0
3,67,kernel,_Z9k_expand212ExpandParams,0.106399998,9,32,1,256,1,1,0,0
3,68,kernel,_Z11k_contract212ConvParams1d,0.159000993,9,8,1,256,1,1,16384,0
3,69,kernel,_Z6k_qkv29QkvParams,0.0887200013,9,32,1,256,1,1,12800,0
3,70,kernel,_Z12k_attention212AttnParams1d,0.140599996,9,32,1,256,1,1,19456,0
3,71,kernel,_Z11k_contract212ConvParams1d,0.0660400018,9,8,1,256,1,1,16384,0
3,72,kernel,_Z9k_expand212ExpandParams,0.100440003,9,32,1,256,1,1,0,0
3,73,kernel,_Z11k_contract212ConvParams1d,0.159401,9,8,1,256,1,1,16384,0
3,74,kernel,_Z6k_qkv29QkvParams,0.091839999,9,32,1,256,1,1,12800,0
3,75,kernel,_Z12k_attention212AttnParams1d,0.137080997,9,32,1,256,1,1,19456,0
3,76,kernel,_Z11k_contract212ConvParams1d,0.065080002,9,8,1,256,1,1,16384,0
3,77,kernel,_Z9k_expand212ExpandParams,0.10176,9,32,1,256,1,1,0,0
3,78,kernel,_Z11k_contract212ConvParams1d,0.155561,9,8,1,256,1,1,16384,0
3,79,kernel,_Z6k_qkv29QkvParams,0.0854000002,9,32,1,256,1,1,12800,0
3,80,kernel,_Z12k_attention212AttnParams1d,0.137880996,9,32,1,256,1,1,19456,0
3,81,kernel,_Z11k_contract212ConvParams1d,0.0662399977,9,8,1,256,1,1,16384,0
3,82,kernel,_Z9k_expand212ExpandParams,0.103079997,9,32,1,256,1,1,0,0
3,83,kernel,_Z11k_contract212ConvParams1d,0.158080995,9,8,1,256,1,1,16384,0
3,84,kernel,_Z6k_qkv29QkvParams,0.0880400017,9,32,1,256,1,1,12800,0
3,85,kernel,_Z12k_attention212AttnParams1d,0.141840994,9,32,1,256,1,1,19456,0
3,86,kernel,_Z11k_contract212ConvParams1d,0.0655200034,9,8,1,256,1,1,16384,0
3,87,kernel,_Z9k_expand212ExpandParams,0.103721,9,32,1,256,1,1,0,0
3,88,kernel,_Z11k_contract212ConvParams1d,0.159920007,9,8,1,256,1,1,16384,0
3,89,kernel,_Z6k_qkv29QkvParams,0.0883610025,9,32,1,256,1,1,12800,0
3,90,kernel,_Z12k_attention212AttnParams1d,0.141519994,9,32,1,256,1,1,19456,0
3,91,kernel,_Z11k_contract212ConvParams1d,0.0652400032,9,8,1,256,1,1,16384,0
3,92,kernel,_Z9k_expand212ExpandParams,0.100601003,9,32,1,256,1,1,0,0
3,93,kernel,_Z11k_contract212ConvParams1d,0.1602,9,8,1,256,1,1,16384,0
3,94,kernel,_Z6k_qkv29QkvParams,0.0877609998,9,32,1,256,1,1,12800,0
3,95,kernel,_Z12k_attention212AttnParams1d,0.139119998,9,32,1,256,1,1,19456,0
3,96,kernel,_Z11k_contract212ConvParams1d,0.0659210011,9,8,1,256,1,1,16384,0
3,97,kernel,_Z9k_expand212ExpandParams,0.101279996,9,32,1,256,1,1,0,0
3,98,kernel,_Z11k_contract212ConvParams1d,0.160721004,9,8,1,256,1,1,16384,0
3,99,kernel,_Z6k_qkv29QkvParams,0.0898400024,9,32,1,256,1,1,12800,0
3,100,kernel,_Z12k_attention212AttnParams1d,0.142800003,9,32,1,256,1,1,19456,0
3,101,kernel,_Z11k_contract212ConvParams1d,0.0664800033,9,8,1,256,1,1,16384,0
3,102,kernel,_Z8k_repack12RepackParams,0.0319200009,256,1,1,256,1,1,0,0
3,103,kernel,_Z14k_dec_upsample11DecUpParams,0.302801013,135,1,1,256,1,1,4096,0
3,104,kernel,_Z7k_ffwd211Ffwd2Params,0.0751999989,34,8,1,256,1,1,21504,0
3,105,kernel,_Z11k_conv_res211Conv2Params,0.0578409992,34,4,1,256,1,1,0,0
3,106,kernel,_Z11k_qkv_attn210AttnParams,0.165759996,8,5,16,256,1,1,23808,0
3,107,kernel,_Z11k_conv_res211Conv2Params,0.0576799996,34,4,1,256,1,1,0,0
3,108,kernel,_Z7k_ffwd211Ffwd2Params,0.0747610033,34,8,1,256,1,1,21504,0
3,109,kernel,_Z11k_conv_res211Conv2Params,0.0577200018,34,4,1,256,1,1,0,0
3,110,kernel,_Z11k_qkv_attn210AttnParams,0.164840996,8,5,16,256,1,1,23808,0
3,111,kernel,_Z11k_conv_res211Conv2Params,0.056880001,34,4,1,256,1,1,0,0
3,112,kernel,_Z7k_ffwd211Ffwd2Params,0.0738800019,34,8,1,256,1,1,21504,0
3,113,kernel,_Z11k_conv_res211Conv2Params,0.0571999997,34,4,1,256,1,1,0,0
3,114,kernel,_Z11k_qkv_attn210AttnParams,0.166640997,8,5,16,256,1,1,23808,0
3,115,kernel,_Z11k_conv_res211Conv2Params,0.0571999997,34,4,1,256,1,1,0,0
3,116,kernel,_Z7k_ffwd211Ffwd2Params,0.0740410015,34,8,1,256,1,1,21504,0
3,117,kernel,_Z11k_conv_res211Conv2Params,0.0533200018,34,4,1,256,1,1,0,0
3,118,kernel,_Z11k_qkv_attn210AttnParams,0.164519995,8,5,16,256,1,1,23808,0
3,119,kernel,_Z11k_conv_res211Conv2Params,0.0574809983,34,4,1,256,1,1,0,0
3,120,kernel,_Z7k_ffwd211Ffwd2Params,0.0740799978,34,8,1,256,1,1,21504,0
3,121,kernel,_Z11k_conv_res211Conv2Params,0.0579200014,34,4,1,256,1,1,0,0
3,122,kernel,_Z11k_qkv_attn210AttnParams,0.164201006,8,5,16,256,1,1,23808,0
3,123,kernel,_Z11k_conv_res211Conv2Params,0.0580400005,34,4,1,256,1,1,0,0
3,124,kernel,_Z7k_ffwd211Ffwd2Params,0.0733600035,34,8,1,256,1,1,21504,0
3,125,kernel,_Z11k_conv_res211Conv2Params,0.053160999,34,4,1,256,1,1,0,0
3,126,kernel,_Z11k_qkv_attn210AttnParams,0.163719997,8,5,16,256,1,1,23808,0
3,127,kernel,_Z11k_conv_res211Conv2Params,0.0568000004,34,4,1,256,1,1,0,0
3,128,kernel,_Z7k_ffwd211Ffwd2Params,0.0736809969,34,8,1,256,1,1,21504,0
3,129,kernel,_Z11k_conv_res211Conv2Params,0.0568399988,34,4,1,256,1,1,0,0
3,130,kernel,_Z11k_qkv_attn210AttnParams,0.160041004,8,5,16,256,1,1,23808,0
3,131,kernel,_Z11k_conv_res211Conv2Params,0.0528399982,34,4,1,256,1,1,0,0
3,132,kernel,_Z7k_ffwd211Ffwd2Params,0.0737600029,34,8,1,256,1,1,21504,0
3,133,kernel,_Z11k_conv_res211Conv2Params,0.0540000014,34,4,1,256,1,1,0,0
3,134,kernel,_Z11k_qkv_attn210AttnParams,0.162881002,8,5,16,256,1,1,23808,0
3,135,kernel,_Z11k_conv_res211Conv2Params,0.0608800016,34,4,1,256,1,1,0,0
3,136,kernel,_Z10k_swin_varILi256ELb0EEv9VarParams,0.364322007,15,9,1,256,1,1,19200,0
3,137,kernel,_Z10k_swin_varILi256ELb0EEv9VarParams,0.346080989,16,10,1,256,1,1,19200,0
3,138,kernel,_Z10k_swin_varILi256ELb0EEv9VarParams,0.322360992,16,9,1,256,1,1,19200,0
3,139,kernel,_Z10k_swin_varILi256ELb0EEv9VarParams,0.341441005,15,10,1,256,1,1,19200,0
3,140,kernel,_Z10k_swin_varILi256ELb0EEv9VarParams,0.316242009,15,9,1,256,1,1,19200,0
3,141,kernel,_Z10k_swin_varILi256ELb0EEv9VarParams,0.341520995,16,10,1,256,1,1,19200,0
3,142,kernel,_Z10k_swin_varILi256ELb0EEv9VarParams,0.315921009,16,9,1,256,1,1,19200,0
3,143,kernel,_Z10k_swin_varILi256ELb0EEv9VarParams,0.337440997,15,10,1,256,1,1,19200,0
3,144,kernel,_Z10k_swin_varILi128ELb0EEv9VarParams,0.449321985,31,18,1,256,1,1,15616,0
3,145,kernel,_Z10k_swin_varILi128ELb0EEv9VarParams,0.399040997,30,19,1,256,1,1,15616,0
3,146,kernel,_Z10k_swin_varILi128ELb0EEv9VarParams,0.382120997,30,18,1,256,1,1,15616,0
3,147,kernel,_Z10k_swin_varILi128ELb0EEv9VarParams,0.409521013,31,19,1,256,1,1,15616,0
3,148,kernel,_Z10k_swin_varILi128ELb0EEv9VarParams,0.391801,31,18,1,256,1,1,15616,0
3,149,kernel,_Z10k_swin_varILi128ELb0EEv9VarParams,0.404161006,30,19,1,256,1,1,15616,0
3,150,kernel,_Z10k_swin_varILi64ELb0EEv9VarParams,0.707001984,60,36,1,256,1,1,15616,0
3,151,kernel,_Z10k_swin_varILi64ELb0EEv9VarParams,0.617882013,61,37,1,256,1,1,15616,0
3,152,kernel,_Z10k_swin_varILi64ELb0EEv9VarParams,0.602122009,61,36,1,256,1,1,15616,0
3,153,kernel,_Z10k_swin_varILi64ELb0EEv9VarParams,0.611162007,60,37,1,256,1,1,15616,0
3,154,kernel,_Z10k_swin_varILi32ELb1EEv9VarParams,1.36492503,120,72,1,256,1,1,15616,0
3,155,kernel,_Z10k_swin_varILi32ELb0EEv9VarParams,0.957203984,121,73,1,256,1,1,15632,0
3,156,kernel,_Z10k_swin_varILi32ELb0EEv9VarParams,0.936563015,121,72,1,256,1,1,15632,0
3,157,kernel,_Z10k_swin_varILi32ELb0EEv9VarParams,0.967923999,120,73,1,256,1,1,15632,0
3,158,kernel,_Z10k_swin_varILi32ELb1EEv9VarParams,7.17558718,240,144,1,256,1,1,15616,0
3,159,kernel,_Z8k_export12ExportParams,0.143759996,8,1080,1,256,1,1,0,0
4,-1,instrumented,graph,48.6563797,0,0,0,0,0,0,0,0
4,0,kernel,_Z8k_import12ImportParams,0.0829209983,8,1152,1,256,1,1,0,0
4,1,kernel,_Z10k_swin_varILi32ELb1EEv9VarParams,6.30714321,240,144,1,256,1,1,15616,0
4,2,kernel,_Z10k_swin_varILi32ELb0EEv9VarParams,0.950363994,120,72,1,256,1,1,15632,0
4,3,kernel,_Z10k_swin_varILi32ELb0EEv9VarParams,0.967763007,121,73,1,256,1,1,15632,0
4,4,kernel,_Z10k_swin_varILi32ELb0EEv9VarParams,0.957643986,121,72,1,256,1,1,15632,0
4,5,kernel,_Z10k_swin_varILi32ELb0EEv9VarParams,1.11564398,120,73,1,256,1,1,15632,0
4,6,copy,device_to_device,0.121359996,0,0,0,0,0,0,0,0
4,7,kernel,_Z10k_swin_varILi64ELb0EEv9VarParams,0.583603024,60,36,1,256,1,1,15616,0
4,8,kernel,_Z10k_swin_varILi64ELb0EEv9VarParams,0.608681977,61,37,1,256,1,1,15616,0
4,9,kernel,_Z10k_swin_varILi64ELb0EEv9VarParams,0.593801975,61,36,1,256,1,1,15616,0
4,10,kernel,_Z10k_swin_varILi64ELb0EEv9VarParams,0.639162004,60,37,1,256,1,1,15616,0
4,11,copy,device_to_device,0.0422010012,0,0,0,0,0,0,0,0
4,12,kernel,_Z10k_swin_varILi128ELb0EEv9VarParams,0.373681009,30,18,1,256,1,1,15616,0
4,13,kernel,_Z10k_swin_varILi128ELb0EEv9VarParams,0.408881009,31,19,1,256,1,1,15616,0
4,14,kernel,_Z10k_swin_varILi128ELb0EEv9VarParams,0.392361999,31,18,1,256,1,1,15616,0
4,15,kernel,_Z10k_swin_varILi128ELb0EEv9VarParams,0.395761013,30,19,1,256,1,1,15616,0
4,16,kernel,_Z10k_swin_varILi128ELb0EEv9VarParams,0.382001996,30,18,1,256,1,1,15616,0
4,17,kernel,_Z10k_swin_varILi128ELb0EEv9VarParams,0.437640995,31,19,1,256,1,1,15616,0
4,18,copy,device_to_device,0.0231199991,0,0,0,0,0,0,0,0
4,19,kernel,_Z10k_swin_varILi256ELb0EEv9VarParams,0.315201014,15,9,1,256,1,1,19200,0
4,20,kernel,_Z10k_swin_varILi256ELb0EEv9VarParams,0.343520999,16,10,1,256,1,1,19200,0
4,21,kernel,_Z10k_swin_varILi256ELb0EEv9VarParams,0.31832099,16,9,1,256,1,1,19200,0
4,22,kernel,_Z10k_swin_varILi256ELb0EEv9VarParams,0.338961989,15,10,1,256,1,1,19200,0
4,23,kernel,_Z10k_swin_varILi256ELb0EEv9VarParams,0.316841006,15,9,1,256,1,1,19200,0
4,24,kernel,_Z10k_swin_varILi256ELb0EEv9VarParams,0.341080993,16,10,1,256,1,1,19200,0
4,25,kernel,_Z10k_swin_varILi256ELb0EEv9VarParams,0.322120994,16,9,1,256,1,1,19200,0
4,26,kernel,_Z10k_swin_varILi256ELb0EEv9VarParams,0.365042001,15,10,1,256,1,1,19200,0
4,27,copy,device_to_device,0.0131999999,0,0,0,0,0,0,0,0
4,28,kernel,_Z7k_ffwd211Ffwd2Params,0.0869200006,34,8,1,256,1,1,21504,0
4,29,kernel,_Z11k_conv_res211Conv2Params,0.0572800003,34,4,1,256,1,1,0,0
4,30,kernel,_Z11k_qkv_attn210AttnParams,0.162441,8,5,16,256,1,1,23808,0
4,31,kernel,_Z11k_conv_res211Conv2Params,0.0571600012,34,4,1,256,1,1,0,0
4,32,kernel,_Z7k_ffwd211Ffwd2Params,0.0758000016,34,8,1,256,1,1,21504,0
4,33,kernel,_Z11k_conv_res211Conv2Params,0.0568809994,34,4,1,256,1,1,0,0
4,34,kernel,_Z11k_qkv_attn210AttnParams,0.164360002,8,5,16,256,1,1,23808,0
4,35,kernel,_Z11k_conv_res211Conv2Params,0.0571199991,34,4,1,256,1,1,0,0
4,36,kernel,_Z7k_ffwd211Ffwd2Params,0.0701209977,34,8,1,256,1,1,21504,0
4,37,kernel,_Z11k_conv_res211Conv2Params,0.0577600002,34,4,1,256,1,1,0,0
4,38,kernel,_Z11k_qkv_attn210AttnParams,0.163761005,8,5,16,256,1,1,23808,0
4,39,kernel,_Z11k_conv_res211Conv2Params,0.0572400019,34,4,1,256,1,1,0,0
4,40,kernel,_Z7k_ffwd211Ffwd2Params,0.0702800006,34,8,1,256,1,1,21504,0
4,41,kernel,_Z11k_conv_res211Conv2Params,0.0579200014,34,4,1,256,1,1,0,0
4,42,kernel,_Z11k_qkv_attn210AttnParams,0.160041004,8,5,16,256,1,1,23808,0
4,43,kernel,_Z11k_conv_res211Conv2Params,0.0568399988,34,4,1,256,1,1,0,0
4,44,kernel,_Z7k_ffwd211Ffwd2Params,0.072920002,34,8,1,256,1,1,21504,0
4,45,kernel,_Z11k_conv_res211Conv2Params,0.0565209985,34,4,1,256,1,1,0,0
4,46,kernel,_Z11k_qkv_attn210AttnParams,0.162,8,5,16,256,1,1,23808,0
4,47,kernel,_Z11k_conv_res211Conv2Params,0.0569199994,34,4,1,256,1,1,0,0
4,48,kernel,_Z7k_ffwd211Ffwd2Params,0.0736000016,34,8,1,256,1,1,21504,0
4,49,kernel,_Z11k_conv_res211Conv2Params,0.0572800003,34,4,1,256,1,1,0,0
4,50,kernel,_Z11k_qkv_attn210AttnParams,0.162881002,8,5,16,256,1,1,23808,0
4,51,kernel,_Z11k_conv_res211Conv2Params,0.057,34,4,1,256,1,1,0,0
4,52,kernel,_Z7k_ffwd211Ffwd2Params,0.0734800026,34,8,1,256,1,1,21504,0
4,53,kernel,_Z11k_conv_res211Conv2Params,0.0572400019,34,4,1,256,1,1,0,0
4,54,kernel,_Z11k_qkv_attn210AttnParams,0.161881,8,5,16,256,1,1,23808,0
4,55,kernel,_Z11k_conv_res211Conv2Params,0.0563599989,34,4,1,256,1,1,0,0
4,56,kernel,_Z7k_ffwd211Ffwd2Params,0.0726410002,34,8,1,256,1,1,21504,0
4,57,kernel,_Z11k_conv_res211Conv2Params,0.0563599989,34,4,1,256,1,1,0,0
4,58,kernel,_Z11k_qkv_attn210AttnParams,0.161520004,8,5,16,256,1,1,23808,0
4,59,kernel,_Z16k_conv_res_views12ConvPlParams,0.115480997,135,1,1,256,1,1,24576,0
4,60,kernel,_Z12k_final_head10HeadParams,0.0769200027,40,1,1,256,1,1,8192,0
4,61,kernel,_Z8k_repack12RepackParams,0.0323599987,256,1,1,256,1,1,0,0
4,62,kernel,_Z9k_expand212ExpandParams,0.103881001,9,32,1,256,1,1,0,0
4,63,kernel,_Z11k_contract212ConvParams1d,0.1558,9,8,1,256,1,1,16384,0
4,64,kernel,_Z6k_qkv29QkvParams,0.087921001,9,32,1,256,1,1,12800,0
4,65,kernel,_Z12k_attention212AttnParams1d,0.139960006,9,32,1,256,1,1,19456,0
4,66,kernel,_Z11k_contract212ConvParams1d,0.065080002,9,8,1,256,1,1,16384,0
4,67,kernel,_Z9k_expand212ExpandParams,0.0973609984,9,32,1,256,1,1,0,0
4,68,kernel,_Z11k_contract212ConvParams1d,0.158759996,9,8,1,256,1,1,16384,0
4,69,kernel,_Z6k_qkv29QkvParams,0.0849210024,9,32,1,256,1,1,12800,0
4,70,kernel,_Z12k_attention212AttnParams1d,0.139719993,9,32,1,256,1,1,19456,0
4,71,kernel,_Z11k_contract212ConvParams1d,0.0651199967,9,8,1,256,1,1,16384,0
4,72,kernel,_Z9k_expand212ExpandParams,0.0999609977,9,32,1,256,1,1,0,0
4,73,kernel,_Z11k_contract212ConvParams1d,0.159600005,9,8,1,256,1,1,16384,0
4,74,kernel,_Z6k_qkv29QkvParams,0.0871609971,9,32,1,256,1,1,12800,0
4,75,kernel,_Z12k_attention212AttnParams1d,0.139880002,9,32,1,256,1,1,19456,0
4,76,kernel,_Z11k_contract212ConvParams1d,0.0654409975,9,8,1,256,1,1,16384,0
4,77,kernel,_Z9k_expand212ExpandParams,0.100599997,9,32,1,256,1,1,0,0
4,78,kernel,_Z11k_contract212ConvParams1d,0.158441007,9,8,1,256,1,1,16384,0
4,79,kernel,_Z6k_qkv29QkvParams,0.0882399976,9,32,1,256,1,1,12800,0
4,80,kernel,_Z12k_attention212AttnParams1d,0.140159994,9,32,1,256,1,1,19456,0
4,81,kernel,_Z11k_contract212ConvParams1d,0.0653610006,9,8,1,256,1,1,16384,0
4,82,kernel,_Z9k_expand212ExpandParams,0.104319997,9,32,1,256,1,1,0,0
4,83,kernel,_Z11k_contract212ConvParams1d,0.159080997,9,8,1,256,1,1,16384,0
4,84,kernel,_Z6k_qkv29QkvParams,0.0869200006,9,32,1,256,1,1,12800,0
4,85,kernel,_Z12k_attention212AttnParams1d,0.140680999,9,32,1,256,1,1,19456,0
4,86,kernel,_Z11k_contract212ConvParams1d,0.065080002,9,8,1,256,1,1,16384,0
4,87,kernel,_Z9k_expand212ExpandParams,0.101279996,9,32,1,256,1,1,0,0
4,88,kernel,_Z11k_contract212ConvParams1d,0.159440994,9,8,1,256,1,1,16384,0
4,89,kernel,_Z6k_qkv29QkvParams,0.0890799984,9,32,1,256,1,1,12800,0
4,90,kernel,_Z12k_attention212AttnParams1d,0.141081005,9,32,1,256,1,1,19456,0
4,91,kernel,_Z11k_contract212ConvParams1d,0.0655599982,9,8,1,256,1,1,16384,0
4,92,kernel,_Z9k_expand212ExpandParams,0.10272,9,32,1,256,1,1,0,0
4,93,kernel,_Z11k_contract212ConvParams1d,0.159361005,9,8,1,256,1,1,16384,0
4,94,kernel,_Z6k_qkv29QkvParams,0.0871599987,9,32,1,256,1,1,12800,0
4,95,kernel,_Z12k_attention212AttnParams1d,0.141001001,9,32,1,256,1,1,19456,0
4,96,kernel,_Z11k_contract212ConvParams1d,0.0653200001,9,8,1,256,1,1,16384,0
4,97,kernel,_Z9k_expand212ExpandParams,0.100721002,9,32,1,256,1,1,0,0
4,98,kernel,_Z11k_contract212ConvParams1d,0.160799995,9,8,1,256,1,1,16384,0
4,99,kernel,_Z6k_qkv29QkvParams,0.0894810036,9,32,1,256,1,1,12800,0
4,100,kernel,_Z12k_attention212AttnParams1d,0.141639993,9,32,1,256,1,1,19456,0
4,101,kernel,_Z11k_contract212ConvParams1d,0.0657199994,9,8,1,256,1,1,16384,0
4,102,kernel,_Z8k_repack12RepackParams,0.0316400006,256,1,1,256,1,1,0,0
4,103,kernel,_Z14k_dec_upsample11DecUpParams,0.310481995,135,1,1,256,1,1,4096,0
4,104,kernel,_Z7k_ffwd211Ffwd2Params,0.0705199987,34,8,1,256,1,1,21504,0
4,105,kernel,_Z11k_conv_res211Conv2Params,0.0574400015,34,4,1,256,1,1,0,0
4,106,kernel,_Z11k_qkv_attn210AttnParams,0.160000995,8,5,16,256,1,1,23808,0
4,107,kernel,_Z11k_conv_res211Conv2Params,0.0572400019,34,4,1,256,1,1,0,0
4,108,kernel,_Z7k_ffwd211Ffwd2Params,0.0741999969,34,8,1,256,1,1,21504,0
4,109,kernel,_Z11k_conv_res211Conv2Params,0.057599999,34,4,1,256,1,1,0,0
4,110,kernel,_Z11k_qkv_attn210AttnParams,0.164480001,8,5,16,256,1,1,23808,0
4,111,kernel,_Z11k_conv_res211Conv2Params,0.0571199991,34,4,1,256,1,1,0,0
4,112,kernel,_Z7k_ffwd211Ffwd2Params,0.0740410015,34,8,1,256,1,1,21504,0
4,113,kernel,_Z11k_conv_res211Conv2Params,0.0573999994,34,4,1,256,1,1,0,0
4,114,kernel,_Z11k_qkv_attn210AttnParams,0.164199993,8,5,16,256,1,1,23808,0
4,115,kernel,_Z11k_conv_res211Conv2Params,0.0571199991,34,4,1,256,1,1,0,0
4,116,kernel,_Z7k_ffwd211Ffwd2Params,0.0738800019,34,8,1,256,1,1,21504,0
4,117,kernel,_Z11k_conv_res211Conv2Params,0.0575199984,34,4,1,256,1,1,0,0
4,118,kernel,_Z11k_qkv_attn210AttnParams,0.161680996,8,5,16,256,1,1,23808,0
4,119,kernel,_Z11k_conv_res211Conv2Params,0.0570399985,34,4,1,256,1,1,0,0
4,120,kernel,_Z7k_ffwd211Ffwd2Params,0.0733600035,34,8,1,256,1,1,21504,0
4,121,kernel,_Z11k_conv_res211Conv2Params,0.0572809987,34,4,1,256,1,1,0,0
4,122,kernel,_Z11k_qkv_attn210AttnParams,0.163320005,8,5,16,256,1,1,23808,0
4,123,kernel,_Z11k_conv_res211Conv2Params,0.0567599982,34,4,1,256,1,1,0,0
4,124,kernel,_Z7k_ffwd211Ffwd2Params,0.0736809969,34,8,1,256,1,1,21504,0
4,125,kernel,_Z11k_conv_res211Conv2Params,0.0573199987,34,4,1,256,1,1,0,0
4,126,kernel,_Z11k_qkv_attn210AttnParams,0.165080994,8,5,16,256,1,1,23808,0
4,127,kernel,_Z11k_conv_res211Conv2Params,0.0571999997,34,4,1,256,1,1,0,0
4,128,kernel,_Z7k_ffwd211Ffwd2Params,0.0692799985,34,8,1,256,1,1,21504,0
4,129,kernel,_Z11k_conv_res211Conv2Params,0.0570399985,34,4,1,256,1,1,0,0
4,130,kernel,_Z11k_qkv_attn210AttnParams,0.162680998,8,5,16,256,1,1,23808,0
4,131,kernel,_Z11k_conv_res211Conv2Params,0.0566399992,34,4,1,256,1,1,0,0
4,132,kernel,_Z7k_ffwd211Ffwd2Params,0.0729599968,34,8,1,256,1,1,21504,0
4,133,kernel,_Z11k_conv_res211Conv2Params,0.0565610006,34,4,1,256,1,1,0,0
4,134,kernel,_Z11k_qkv_attn210AttnParams,0.162799999,8,5,16,256,1,1,23808,0
4,135,kernel,_Z11k_conv_res211Conv2Params,0.0564410016,34,4,1,256,1,1,0,0
4,136,kernel,_Z10k_swin_varILi256ELb0EEv9VarParams,0.362280995,15,9,1,256,1,1,19200,0
4,137,kernel,_Z10k_swin_varILi256ELb0EEv9VarParams,0.342720985,16,10,1,256,1,1,19200,0
4,138,kernel,_Z10k_swin_varILi256ELb0EEv9VarParams,0.339280993,16,9,1,256,1,1,19200,0
4,139,kernel,_Z10k_swin_varILi256ELb0EEv9VarParams,0.339002013,15,10,1,256,1,1,19200,0
4,140,kernel,_Z10k_swin_varILi256ELb0EEv9VarParams,0.314081013,15,9,1,256,1,1,19200,0
4,141,kernel,_Z10k_swin_varILi256ELb0EEv9VarParams,0.341320992,16,10,1,256,1,1,19200,0
4,142,kernel,_Z10k_swin_varILi256ELb0EEv9VarParams,0.316121012,16,9,1,256,1,1,19200,0
4,143,kernel,_Z10k_swin_varILi256ELb0EEv9VarParams,0.335081995,15,10,1,256,1,1,19200,0
4,144,kernel,_Z10k_swin_varILi128ELb0EEv9VarParams,0.448401004,31,18,1,256,1,1,15616,0
4,145,kernel,_Z10k_swin_varILi128ELb0EEv9VarParams,0.393281996,30,19,1,256,1,1,15616,0
4,146,kernel,_Z10k_swin_varILi128ELb0EEv9VarParams,0.37796101,30,18,1,256,1,1,15616,0
4,147,kernel,_Z10k_swin_varILi128ELb0EEv9VarParams,0.406082004,31,19,1,256,1,1,15616,0
4,148,kernel,_Z10k_swin_varILi128ELb0EEv9VarParams,0.389721006,31,18,1,256,1,1,15616,0
4,149,kernel,_Z10k_swin_varILi128ELb0EEv9VarParams,0.399681985,30,19,1,256,1,1,15616,0
4,150,kernel,_Z10k_swin_varILi64ELb0EEv9VarParams,0.704241991,60,36,1,256,1,1,15616,0
4,151,kernel,_Z10k_swin_varILi64ELb0EEv9VarParams,0.61620301,61,37,1,256,1,1,15616,0
4,152,kernel,_Z10k_swin_varILi64ELb0EEv9VarParams,0.600481987,61,36,1,256,1,1,15616,0
4,153,kernel,_Z10k_swin_varILi64ELb0EEv9VarParams,0.609722018,60,37,1,256,1,1,15616,0
4,154,kernel,_Z10k_swin_varILi32ELb1EEv9VarParams,1.36164498,120,72,1,256,1,1,15616,0
4,155,kernel,_Z10k_swin_varILi32ELb0EEv9VarParams,0.963563979,121,73,1,256,1,1,15632,0
4,156,kernel,_Z10k_swin_varILi32ELb0EEv9VarParams,0.942722976,121,72,1,256,1,1,15632,0
4,157,kernel,_Z10k_swin_varILi32ELb0EEv9VarParams,0.965924025,120,73,1,256,1,1,15632,0
4,158,kernel,_Z10k_swin_varILi32ELb1EEv9VarParams,7.16258621,240,144,1,256,1,1,15616,0
4,159,kernel,_Z8k_export12ExportParams,0.143720001,8,1080,1,256,1,1,0,0
